Transaction ID,Transaction Date,Price,Quantity,Revenue,Product,Customer ID
T100000723,2013-01-01,$1570.76,77,$120948.52,Lomina,A108821
T100000724,2013-01-01,$714.76,4,$2859.04,Lomina,A103521
T100000725,2013-01-01,$202.23,9,$1820.07,Lomina,A198621
T100000726,2013-01-01,$292.11,13,$3797.43,Lomina,A164921
T100000727,2013-01-01,$269.64,12,$3235.68,Lomina,A117821
T100000728,2013-01-01,$494.34,22,$10875.48,Lomina,A149221
T100000729,2013-01-01,$269.64,12,$3235.68,Lomina,A197221
T100000730,2013-01-01,$247.17,11,$2718.87,Lomina,A120121
T100000731,2013-01-01,$247.17,11,$2718.87,Lomina,A138321
T100000732,2013-01-01,$247.17,11,$2718.87,Lomina,A161421
T100000733,2013-01-01,$247.17,11,$2718.87,Lomina,A197721
T100000734,2013-01-01,$269.64,12,$3235.68,Lomina,A121521
T100000735,2013-01-01,$269.64,12,$3235.68,Lomina,A179321
T100000736,2013-01-01,$202.23,9,$1820.07,Lomina,A173121
T100000737,2013-01-01,$269.64,12,$3235.68,Lomina,A199421
T100000738,2013-01-01,$202.23,9,$1820.07,Lomina,A122321
T100000739,2013-01-01,$292.11,13,$3797.43,Lomina,A140821
T100000740,2013-01-01,$202.23,9,$1820.07,Lomina,A138521
T100000741,2013-01-01,$202.23,9,$1820.07,Lomina,A186921
T100000742,2013-01-01,$247.17,11,$2718.87,Lomina,A130221
T100000743,2013-01-01,$292.11,13,$3797.43,Lominade,A132821
T100000744,2013-01-01,$381.99,17,$6493.83,Lomina,A117021
T100000745,2013-01-01,$591.71,29,$17159.59,Lomina,A103221
T100000746,2013-01-01,$652.7,32,$20886.4,Lomina,A184221
T100000747,2013-01-01,$1608.21,9,$14473.89,Lomina,A138521
T100000748,2013-01-01,$584.22,26,$15189.72,Lomina,A112321
T100000749,2013-01-01,$719.04,32,$23009.28,Lomina,A157121
T100000750,2013-01-01,$404.46,18,$7280.28,Lomina,A123921
T100000751,2013-01-01,$988.68,44,$43501.92,Lomina,A181421
T100000752,2013-01-01,$898.8,40,$35952,Lomina,A103221
T100000753,2013-01-01,$1632.82,27,$44086.14,Wedicare,A110721
T100000754,2013-01-01,$3446.47,57,$196448.79,Wedicare,A100021
T100000755,2013-01-01,$4413.75,73,$322203.75,Wedicare,A130021
T100000756,2013-01-01,$2116.46,35,$74076.1,Wedicare,A141121
T100000757,2013-01-01,$12653.82,216,$2733225.12,Wedicare,A123521
T100000758,2013-01-01,$640.93,12,$7691.16,Wedicare,A198621
T100000759,2013-01-01,$694.43,13,$9027.59,Wedicare,A157121
T100000760,2013-01-01,$1067.86,20,$21357.2,Wedicare,A129421
T100000761,2013-01-01,$587.43,11,$6461.73,Wedicare,A113321
T100000762,2013-01-01,$694.43,13,$9027.59,Wedicare,A132821
T100000763,2013-01-01,$379.85,12,$4558.2,Wedicare,A199921
T100000764,2013-01-01,$348.82,11,$3837.02,Wedicare,A132021
T100000765,2013-01-01,$570.31,18,$10265.58,Wedicare,A130221
T100000766,2013-01-01,$3506.39,58,$203370.62,Wedicare,A157121
T100000767,2013-01-01,$5032.21,85,$427737.85,Wedicare,A197521
T100000768,2013-01-01,$2135.72,40,$85428.8,Wedicare,A176121
T100000769,2013-01-01,$1228.36,23,$28252.28,Wedicare,A197521
T100000770,2013-01-01,$2100.41,26,$54610.66,Wedicare,A149221
T100000771,2013-01-01,$1134.2,25,$28355,Tridesta,A110721
T100000772,2013-01-01,$2086.5,46,$95979,Tridesta,A157121
T100000773,2013-01-01,$862.42,19,$16385.98,Tridesta,A160821
T100000774,2013-01-01,$2313.34,51,$117980.34,Tridesta,A138321
T100000775,2013-01-01,$907.36,20,$18147.2,Tridesta,A188621
T100000776,2013-01-01,$5035.42,111,$558931.62,Tridesta,A197521
T100000777,2013-01-01,$227.91,5,$1139.55,Tridesta,A160021
T100000778,2013-01-01,$3084.81,68,$209767.08,Tridesta,A117021
T100000779,2013-01-01,$1089.26,24,$26142.24,Tridesta,A196021
T100000780,2013-01-01,$2177.45,48,$104517.6,Tridesta,A119121
T100000781,2013-01-01,$2268.4,50,$113420,Tridesta,A131421
T100000782,2013-01-01,$2813.03,62,$174407.86,Tridesta,A113521
T100000783,2013-01-01,$1996.62,44,$87851.28,Tridesta,A129421
T100000784,2013-01-01,$3357.66,74,$248466.84,Tridesta,A180821
T100000785,2013-01-01,$7984.34,176,$1405243.84,Tridesta,A141121
T100000786,2013-01-01,$3402.6,75,$255195,Tridesta,A104921
T100000787,2013-01-01,$854.93,1,$854.93,Samtan,A198121
T100000788,2013-01-01,$854.93,1,$854.93,Samtan,A199921
T100000789,2013-01-01,$854.93,1,$854.93,Samtan,A189621
T100000790,2013-01-01,$854.93,1,$854.93,Samtan,A129421
T100000791,2013-01-01,$854.93,1,$854.93,Samtan,A140821
T100000792,2013-01-01,$1709.86,2,$3419.72,Samtan,A199821
T100000793,2013-01-01,$854.93,1,$854.93,Samtan,A113521
T100000794,2013-01-01,$3419.72,4,$13678.88,Samtan,A130021
T100000795,2013-01-01,$4274.65,5,$21373.25,Samtan,A197521
T100000796,2013-02-01,$357.38,2,$714.76,Lomina,A163621
T100000797,2013-02-01,$178.69,1,$178.69,Lomina,A120221
T100000798,2013-02-01,$714.76,4,$2859.04,Lomina,A181421
T100000799,2013-02-01,$224.7,10,$2247,Lomina,A198621
T100000800,2013-02-01,$404.46,18,$7280.28,Lomina,A149221
T100000801,2013-02-01,$247.17,11,$2718.87,Lomina,A120121
T100000802,2013-02-01,$202.23,9,$1820.07,Lomina,A157121
T100000803,2013-02-01,$516.81,23,$11886.63,Lomina,A198121
T100000804,2013-02-01,$269.64,12,$3235.68,Lomina,A100021
T100000805,2013-02-01,$202.23,9,$1820.07,Lomina,A155621
T100000806,2013-02-01,$292.11,13,$3797.43,Lomina,A113321
T100000807,2013-02-01,$202.23,9,$1820.07,Lomina,A179321
T100000808,2013-02-01,$292.11,13,$3797.43,Lomina,A100321
T100000809,2013-02-01,$494.34,22,$10875.48,Lomina,A188621
T100000810,2013-02-01,$202.23,9,$1820.07,Lomina,A186921
T100000811,2013-02-01,$449.4,20,$8988,Lomina,A141121
T100000812,2013-02-01,$292.11,13,$3797.43,Lomina,A132821
T100000813,2013-02-01,$561.75,25,$14043.75,Lomina,A117021
T100000814,2013-02-01,$292.11,13,$3797.43,Lomina,A187221
T100000815,2013-02-01,$424.79,1,$424.79,Lomina,A131321
T100000816,2013-02-01,$202.23,9,$1820.07,Lomina,A119121
T100000817,2013-02-01,$224.7,10,$2247,Lomina,A131421
T100000818,2013-02-01,$6161.06,302,$1860640.12,Lomina,A132821
T100000819,2013-02-01,$404.46,18,$7280.28,Lomina,A123921
T100000820,2013-02-01,$943.74,42,$39637.08,Lomina,A121521
T100000821,2013-02-01,$426.93,19,$8111.67,Lomina,A130221
T100000822,2013-02-01,$584.22,26,$15189.72,Lomina,A181421
T100000823,2013-02-01,$561.75,25,$14043.75,Lomina,A117821
T100000824,2013-02-01,$808.92,36,$29121.12,Lomina,A138321
T100000825,2013-02-01,$719.04,32,$23009.28,Lomina,A103221
T100000826,2013-02-01,$1995.55,33,$65853.15,Wedicare,A157121
T100000827,2013-02-01,$3446.47,57,$196448.79,Wedicare,A199921
T100000828,2013-02-01,$1934.56,32,$61905.92,Wedicare,A197721
T100000829,2013-02-01,$6227.4,103,$641422.2,Wedicare,A141121
T100000830,2013-02-01,$2358.28,39,$91972.92,Wedicare,A181421
T100000831,2013-02-01,$640.93,12,$7691.16,Wedicare,A157121
T100000832,2013-02-01,$480.43,9,$4323.87,Wedicare,A113321
T100000833,2013-02-01,$533.93,10,$5339.3,Wedicare,A197521
T100000834,2013-02-01,$694.43,13,$9027.59,Wedicare,A132821
T100000835,2013-02-01,$253.59,8,$2028.72,Wedicare,A149221
T100000836,2013-02-01,$348.82,11,$3837.02,Wedicare,A197221
T100000837,2013-02-01,$379.85,12,$4558.2,Wedicare,A132021
T100000838,2013-02-01,$253.59,8,$2028.72,Wedicare,A123521
T100000839,2013-02-01,$587.43,11,$6461.73,Wedicare,A113521
T100000840,2013-02-01,$81231.19,1380,$112099042.2,Wedicare,A123521
T100000841,2013-02-01,$907.36,20,$18147.2,Tridesta,A110721
T100000842,2013-02-01,$816.41,18,$14695.38,Tridesta,A120121
T100000843,2013-02-01,$771.47,17,$13114.99,Tridesta,A199921
T100000844,2013-02-01,$1043.25,23,$23994.75,Tridesta,A136821
T100000845,2013-02-01,$862.42,19,$16385.98,Tridesta,A129421
T100000846,2013-02-01,$2086.5,46,$95979,Tridesta,A180821
T100000847,2013-02-01,$1134.2,25,$28355,Tridesta,A165821
T100000848,2013-02-01,$2086.5,46,$95979,Tridesta,A119121
T100000849,2013-02-01,$1950.61,43,$83876.23,Tridesta,A141121
T100000850,2013-02-01,$4445.85,98,$435693.3,Tridesta,A157121
T100000851,2013-02-01,$7984.34,176,$1405243.84,Tridesta,A104921
T100000852,2013-02-01,$854.93,1,$854.93,Samtan,A199921
T100000853,2013-02-01,$854.93,1,$854.93,Samtan,A129421
T100000854,2013-02-01,$1709.86,2,$3419.72,Samtan,A181421
T100000855,2013-02-01,$854.93,1,$854.93,Samtan,A157521
T100000856,2013-02-01,$1709.86,2,$3419.72,Samtan,A130021
T100000857,2013-02-01,$2564.79,3,$7694.37,Samtan,A197521
T100000858,2013-03-01,$632.37,31,$19603.47,Lomina,A103521
T100000859,2013-03-01,$714.76,4,$2859.04,Lomina,A197221
T100000860,2013-03-01,$714.76,4,$2859.04,Lomina,A138521
T100000861,2013-03-01,$224.7,10,$2247,Lomina,A164921
T100000862,2013-03-01,$224.7,10,$2247,Lomina,A112321
T100000863,2013-03-01,$426.93,19,$8111.67,Lomina,A149221
T100000864,2013-03-01,$471.87,21,$9909.27,Lomina,A198121
T100000865,2013-03-01,$202.23,9,$1820.07,Lomina,A199921
T100000866,2013-03-01,$224.7,10,$2247,Lomina,A160821
T100000867,2013-03-01,$224.7,10,$2247,Lomina,A163621
T100000868,2013-03-01,$202.23,9,$1820.07,Lomina,A121521
T100000869,2013-03-01,$247.17,11,$2718.87,Lomina,A113321
T100000870,2013-03-01,$381.99,17,$6493.83,Lomina,A188621
T100000871,2013-03-01,$202.23,9,$1820.07,Lomina,A138521
T100000872,2013-03-01,$269.64,12,$3235.68,Lomina,A141121
T100000873,2013-03-01,$269.64,12,$3235.68,Lomina,A130221
T100000874,2013-03-01,$224.7,10,$2247,Lomina,A187221
T100000875,2013-03-01,$247.17,11,$2718.87,Lomina,A190121
T100000876,2013-03-01,$876.33,39,$34176.87,Lomina,A117821
T100000877,2013-03-01,$404.46,18,$7280.28,Lomina,A138321
T100000878,2013-03-01,$404.46,18,$7280.28,Lomina,A103221
T100000879,2013-03-01,$1072.14,6,$6432.84,Lomina,A181421
T100000880,2013-03-01,$741.51,33,$24469.83,Lomina,A197221
T100000881,2013-03-01,$539.28,24,$12942.72,Lomina,A100321
T100000882,2013-03-01,$741.51,33,$24469.83,Lomina,A117021
T100000883,2013-03-01,$1078.56,48,$51770.88,Lomina,A181421
T100000884,2013-03-01,$1303.26,58,$75589.08,Lomina,A157121
T100000885,2013-03-01,$4112.01,183,$752497.83,Lomina,A123521
T100000886,2013-03-01,$1813.65,30,$54409.5,Wedicare,A157121
T100000887,2013-03-01,$2962.83,49,$145178.67,Wedicare,A100021
T100000888,2013-03-01,$4217.94,72,$303691.68,Wedicare,A199921
T100000889,2013-03-01,$1995.55,33,$65853.15,Wedicare,A197721
T100000890,2013-03-01,$6268.06,107,$670682.42,Wedicare,A176121
T100000891,2013-03-01,$3446.47,57,$196448.79,Wedicare,A197521
T100000892,2013-03-01,$12244.01,209,$2558998.09,Wedicare,A140821
T100000893,2013-03-01,$6106.49,101,$616755.49,Wedicare,A141121
T100000894,2013-03-01,$1699.16,29,$49275.64,Wedicare,A164421
T100000895,2013-03-01,$4101.31,70,$287091.7,Wedicare,A123521
T100000896,2013-03-01,$533.93,10,$5339.3,Wedicare,A198621
T100000897,2013-03-01,$640.93,12,$7691.16,Wedicare,A199921
T100000898,2013-03-01,$1281.86,24,$30764.64,Wedicare,A176121
T100000899,2013-03-01,$640.93,12,$7691.16,Wedicare,A113321
T100000900,2013-03-01,$694.43,13,$9027.59,Wedicare,A197521
T100000901,2013-03-01,$640.93,12,$7691.16,Wedicare,A132821
T100000902,2013-03-01,$253.59,8,$2028.72,Wedicare,A112321
T100000903,2013-03-01,$379.85,12,$4558.2,Wedicare,A123421
T100000904,2013-03-01,$601.34,19,$11425.46,Wedicare,A130221
T100000905,2013-03-01,$694.43,13,$9027.59,Wedicare,A113521
T100000906,2013-03-01,$1335.36,25,$33384,Wedicare,A157121
T100000907,2013-03-01,$898.8,21,$18874.8,Wedicare,A120221
T100000908,2013-03-01,$601.34,19,$11425.46,Wedicare,A199921
T100000909,2013-03-01,$883.82,19,$16792.58,Tridesta,A136821
T100000910,2013-03-01,$790.73,17,$13442.41,Tridesta,A129421
T100000911,2013-03-01,$1209.1,26,$31436.6,Tridesta,A113321
T100000912,2013-03-01,$790.73,17,$13442.41,Tridesta,A188621
T100000913,2013-03-01,$5068.59,109,$552476.31,Tridesta,A197521
T100000914,2013-03-01,$2417.13,52,$125690.76,Tridesta,A180821
T100000915,2013-03-01,$1162.02,25,$29050.5,Tridesta,A138521
T100000916,2013-03-01,$929.83,20,$18596.6,Tridesta,A130221
T100000917,2013-03-01,$929.83,20,$18596.6,Tridesta,A165821
T100000918,2013-03-01,$929.83,20,$18596.6,Tridesta,A196021
T100000919,2013-03-01,$1766.57,38,$67129.66,Tridesta,A119121
T100000920,2013-03-01,$2278.03,49,$111623.47,Tridesta,A105321
T100000921,2013-03-01,$3394.04,73,$247764.92,Tridesta,A113521
T100000922,2013-03-01,$883.82,19,$16792.58,Tridesta,A198621
T100000923,2013-03-01,$2464.21,53,$130603.13,Tridesta,A104921
T100000924,2013-03-01,$2091.85,45,$94133.25,Tridesta,A141121
T100000925,2013-03-01,$17759.86,382,$6784266.52,Tridesta,A157121
T100000926,2013-03-01,$854.93,1,$854.93,Samtan,A129421
T100000927,2013-03-01,$854.93,1,$854.93,Samtan,A176121
T100000928,2013-03-01,$854.93,1,$854.93,Samtan,A111921
T100000929,2013-03-01,$854.93,1,$854.93,Samtan,A113521
T100000930,2013-03-01,$1709.86,2,$3419.72,Samtan,A199921
T100000931,2013-03-01,$1709.86,2,$3419.72,Samtan,A130021
T100000932,2013-03-01,$4274.65,5,$21373.25,Samtan,A197521
T100000933,2013-04-01,$530.72,26,$13798.72,Lomina,A103521
T100000934,2013-04-01,$2611.87,128,$334319.36,Lomina,A132821
T100000935,2013-04-01,$714.76,4,$2859.04,Lomina,A138521
T100000936,2013-04-01,$893.45,5,$4467.25,Lomina,A181421
T100000937,2013-04-01,$494.34,22,$10875.48,Lomina,A149221
T100000938,2013-04-01,$404.46,18,$7280.28,Lomina,A107521
T100000939,2013-04-01,$426.93,19,$8111.67,Lomina,A157121
T100000940,2013-04-01,$202.23,9,$1820.07,Lomina,A160821
T100000941,2013-04-01,$269.64,12,$3235.68,Lomina,A138321
T100000942,2013-04-01,$269.64,12,$3235.68,Lomina,A197721
T100000943,2013-04-01,$247.17,11,$2718.87,Lomina,A179321
T100000944,2013-04-01,$179.76,8,$1438.08,Lomina,A100321
T100000945,2013-04-01,$269.64,12,$3235.68,Lomina,A138521
T100000946,2013-04-01,$449.4,20,$8988,Lomina,A141121
T100000947,2013-04-01,$247.17,11,$2718.87,Lomina,A130221
T100000948,2013-04-01,$202.23,9,$1820.07,Lomina,A123521
T100000949,2013-04-01,$269.64,12,$3235.68,Lomina,A132821
T100000950,2013-04-01,$269.64,12,$3235.68,Lomina,A181421
T100000951,2013-04-01,$269.64,12,$3235.68,Lomina,A131421
T100000952,2013-04-01,$404.46,18,$7280.28,Lomina,A112321
T100000953,2013-04-01,$471.87,21,$9909.27,Lomina,A123921
T100000954,2013-04-01,$988.68,44,$43501.92,Lomina,A117021
T100000955,2013-04-01,$629.16,28,$17616.48,Lomina,A117821
T100000956,2013-04-01,$763.98,34,$25975.32,Lomina,A120121
T100000957,2013-04-01,$898.8,40,$35952,Lomina,A121521
T100000958,2013-04-01,$1874.64,31,$58113.84,Wedicare,A157121
T100000959,2013-04-01,$3869.12,64,$247623.68,Wedicare,A199921
T100000960,2013-04-01,$5381.03,89,$478911.67,Wedicare,A130021
T100000961,2013-04-01,$302.81,5,$1514.05,Wedicare,A141121
T100000962,2013-04-01,$3869.12,64,$247623.68,Wedicare,A164421
T100000963,2013-04-01,$533.93,10,$5339.3,Wedicare,A198621
T100000964,2013-04-01,$640.93,12,$7691.16,Wedicare,A120221
T100000965,2013-04-01,$426.93,8,$3415.44,Wedicare,A113321
T100000966,2013-04-01,$533.93,10,$5339.3,Wedicare,A132821
T100000967,2013-04-01,$253.59,8,$2028.72,Wedicare,A123421
T100000968,2013-04-01,$284.62,9,$2561.58,Wedicare,A199921
T100000969,2013-04-01,$284.62,9,$2561.58,Wedicare,A132021
T100000970,2013-04-01,$284.62,9,$2561.58,Wedicare,A123521
T100000971,2013-04-01,$4499.35,76,$341950.6,Wedicare,A197521
T100000972,2013-04-01,$13257.3,221,$2929863.3,Wedicare,A123521
T100000973,2013-04-01,$1174.86,22,$25846.92,Wedicare,A197521
T100000974,2013-04-01,$759.7,24,$18232.8,Wedicare,A197221
T100000975,2013-04-01,$836.74,18,$15061.32,Tridesta,A199921
T100000976,2013-04-01,$2232.02,48,$107136.96,Tridesta,A138321
T100000977,2013-04-01,$1068.93,23,$24585.39,Tridesta,A129421
T100000978,2013-04-01,$5578.98,120,$669477.6,Tridesta,A173121
T100000979,2013-04-01,$3487.13,75,$261534.75,Tridesta,A197521
T100000980,2013-04-01,$2184.94,47,$102692.18,Tridesta,A180821
T100000981,2013-04-01,$3300.95,71,$234367.45,Tridesta,A117021
T100000982,2013-04-01,$1116.01,24,$26784.24,Tridesta,A165821
T100000983,2013-04-01,$1162.02,25,$29050.5,Tridesta,A196021
T100000984,2013-04-01,$2417.13,52,$125690.76,Tridesta,A119121
T100000985,2013-04-01,$2371.12,51,$120927.12,Tridesta,A139021
T100000986,2013-04-01,$2138.93,46,$98390.78,Tridesta,A110721
T100000987,2013-04-01,$2975.67,64,$190442.88,Tridesta,A157121
T100000988,2013-04-01,$1905.67,41,$78132.47,Tridesta,A188621
T100000989,2013-04-01,$1580.39,34,$53733.26,Tridesta,A141121
T100000990,2013-04-01,$5811.17,125,$726396.25,Tridesta,A104921
T100000991,2013-04-01,$854.93,1,$854.93,Samtan,A199921
T100000992,2013-04-01,$854.93,1,$854.93,Samtan,A189621
T100000993,2013-04-01,$854.93,1,$854.93,Samtan,A129421
T100000994,2013-04-01,$1709.86,2,$3419.72,Samtan,A199821
T100000995,2013-04-01,$854.93,1,$854.93,Samtan,A113521
T100000996,2013-04-01,$854.93,1,$854.93,Samtan,A158621
T100000997,2013-04-01,$2564.79,3,$7694.37,Samtan,A130021
T100000998,2013-04-01,$5984.51,7,$41891.57,Samtan,A197521
T100000999,2013-05-01,$530.72,26,$13798.72,Lomina,A174821
T100001000,2013-05-01,$1305.4,64,$83545.6,Lomina,A173121
T100001001,2013-05-01,$775.75,38,$29478.5,Lomina,A199821
T100001002,2013-05-01,$357.38,2,$714.76,Lomina,A163621
T100001003,2013-05-01,$714.76,4,$2859.04,Lomina,A138521
T100001004,2013-05-01,$224.7,10,$2247,Lomina,A164921
T100001005,2013-05-01,$561.75,25,$14043.75,Lomina,A149221
T100001006,2013-05-01,$381.99,17,$6493.83,Lomina,A107521
T100001007,2013-05-01,$269.64,12,$3235.68,Lomina,A100021
T100001008,2013-05-01,$224.7,10,$2247,Lomina,A199921
T100001009,2013-05-01,$292.11,13,$3797.43,Lomina,A123921
T100001010,2013-05-01,$202.23,9,$1820.07,Lomina,A160821
T100001011,2013-05-01,$247.17,11,$2718.87,Lomina,A113321
T100001012,2013-05-01,$179.76,8,$1438.08,Lomina,A179321
T100001013,2013-05-01,$224.7,10,$2247,Lomina,A100321
T100001014,2013-05-01,$269.64,12,$3235.68,Lomina,A122321
T100001015,2013-05-01,$269.64,12,$3235.68,Lomina,A138521
T100001016,2013-05-01,$449.4,20,$8988,Lomina,A141121
T100001017,2013-05-01,$202.23,9,$1820.07,Lomina,A130221
T100001018,2013-05-01,$292.11,13,$3797.43,Lomina,A187221
T100001019,2013-05-01,$632.37,31,$19603.47,Lomina,A184221
T100001020,2013-05-01,$516.81,23,$11886.63,Lomina,A117821
T100001021,2013-05-01,$1078.56,48,$51770.88,Lomina,A198121
T100001022,2013-05-01,$404.46,18,$7280.28,Lomina,A138321
T100001023,2013-05-01,$539.28,24,$12942.72,Lomina,A121521
T100001024,2013-05-01,$988.68,44,$43501.92,Lomina,A157121
T100001025,2013-05-01,$1754.8,86,$150912.8,Lomina,A119021
T100001026,2013-05-01,$921.27,41,$37772.07,Lomina,A181421
T100001027,2013-05-01,$1303.26,58,$75589.08,Lomina,A120121
T100001028,2013-05-01,$1813.65,30,$54409.5,Wedicare,A157121
T100001029,2013-05-01,$4413.75,73,$322203.75,Wedicare,A100021
T100001030,2013-05-01,$2237.37,37,$82782.69,Wedicare,A197721
T100001031,2013-05-01,$533.93,10,$5339.3,Wedicare,A198621
T100001032,2013-05-01,$1014.36,19,$19272.84,Wedicare,A176121
T100001033,2013-05-01,$694.43,13,$9027.59,Wedicare,A113321
T100001034,2013-05-01,$694.43,13,$9027.59,Wedicare,A197521
T100001035,2013-05-01,$694.43,13,$9027.59,Wedicare,A132821
T100001036,2013-05-01,$342.4,8,$2739.2,Wedicare,A157121
T100001037,2013-05-01,$470.8,11,$5178.8,Wedicare,A120221
T100001038,2013-05-01,$253.59,8,$2028.72,Wedicare,A123421
T100001039,2013-05-01,$348.82,11,$3837.02,Wedicare,A199921
T100001040,2013-05-01,$316.72,10,$3167.2,Wedicare,A132021
T100001041,2013-05-01,$696.57,22,$15324.54,Wedicare,A130221
T100001042,2013-05-01,$3869.12,64,$247623.68,Wedicare,A197521
T100001043,2013-05-01,$18451.08,310,$5719834.8,Wedicare,A123521
T100001044,2013-05-01,$665.54,21,$13976.34,Wedicare,A197221
T100001045,2013-05-01,$507.18,16,$8114.88,Wedicare,A123521
T100001046,2013-05-01,$1014.36,19,$19272.84,Wedicare,A113521
T100001047,2013-05-01,$3300.95,71,$234367.45,Tridesta,A155621
T100001048,2013-05-01,$1998.76,43,$85946.68,Tridesta,A161421
T100001049,2013-05-01,$1952.75,42,$82015.5,Tridesta,A180821
T100001050,2013-05-01,$975.84,21,$20492.64,Tridesta,A140821
T100001051,2013-05-01,$929.83,20,$18596.6,Tridesta,A141121
T100001052,2013-05-01,$790.73,17,$13442.41,Tridesta,A196021
T100001053,2013-05-01,$1998.76,43,$85946.68,Tridesta,A119121
T100001054,2013-05-01,$2464.21,53,$130603.13,Tridesta,A131421
T100001055,2013-05-01,$3626.23,78,$282845.94,Tridesta,A113521
T100001056,2013-05-01,$5718.08,123,$703323.84,Tridesta,A139021
T100001057,2013-05-01,$2975.67,64,$190442.88,Tridesta,A104921
T100001058,2013-05-01,$1580.39,34,$53733.26,Tridesta,A199921
T100001059,2013-05-01,$3533.14,76,$268518.64,Tridesta,A129421
T100001060,2013-05-01,$1766.57,38,$67129.66,Tridesta,A188621
T100001061,2013-05-01,$4649.15,100,$464915,Tridesta,A117021
T100001062,2013-05-01,$23943.39,515,$12330845.85,Tridesta,A157121
T100001063,2013-05-01,$4044.6,87,$351880.2,Tridesta,A136821
T100001064,2013-05-01,$854.93,1,$854.93,Samtan,A198121
T100001065,2013-05-01,$854.93,1,$854.93,Samtan,A129421
T100001066,2013-05-01,$854.93,1,$854.93,Samtan,A176121
T100001067,2013-05-01,$854.93,1,$854.93,Samtan,A157521
T100001068,2013-05-01,$854.93,1,$854.93,Samtan,A113521
T100001069,2013-05-01,$1709.86,2,$3419.72,Samtan,A130021
T100001070,2013-05-01,$9404.23,11,$103446.53,Samtan,A197521
T100001071,2013-06-01,$536.07,3,$1608.21,Lomina,A141121
T100001072,2013-06-01,$224.7,10,$2247,Lomina,A164921
T100001073,2013-06-01,$179.76,8,$1438.08,Lomina,A112321
T100001074,2013-06-01,$539.28,24,$12942.72,Lomina,A149221
T100001075,2013-06-01,$269.64,12,$3235.68,Lomina,A198121
T100001076,2013-06-01,$471.87,21,$9909.27,Lomina,A103521
T100001077,2013-06-01,$202.23,9,$1820.07,Lomina,A155621
T100001078,2013-06-01,$269.64,12,$3235.68,Lomina,A160821
T100001079,2013-06-01,$224.7,10,$2247,Lomina,A147921
T100001080,2013-06-01,$247.17,11,$2718.87,Lomina,A179321
T100001081,2013-06-01,$202.23,9,$1820.07,Lomina,A173121
T100001082,2013-06-01,$561.75,25,$14043.75,Lomina,A188621
T100001083,2013-06-01,$224.7,10,$2247,Lomina,A138521
T100001084,2013-06-01,$202.23,9,$1820.07,Lomina,A186921
T100001085,2013-06-01,$224.7,10,$2247,Lomina,A141121
T100001086,2013-06-01,$202.23,9,$1820.07,Lomina,A132821
T100001087,2013-06-01,$292.11,13,$3797.43,Lomina,A181421
T100001088,2013-06-01,$530.72,26,$13798.72,Lomina,A103221
T100001089,2013-06-01,$530.72,26,$13798.72,Lomina,A199121
T100001090,2013-06-01,$247.17,11,$2718.87,Lomina,A119121
T100001091,2013-06-01,$584.22,26,$15189.72,Lomina,A117821
T100001092,2013-06-01,$449.4,20,$8988,Lomina,A157121
T100001093,2013-06-01,$943.74,42,$39637.08,Lomina,A121521
T100001094,2013-06-01,$494.34,22,$10875.48,Lomina,A130221
T100001095,2013-06-01,$2116.46,35,$74076.1,Wedicare,A157121
T100001096,2013-06-01,$2870.81,49,$140669.69,Wedicare,A199921
T100001097,2013-06-01,$5320.04,88,$468163.52,Wedicare,A130021
T100001098,2013-06-01,$1813.65,30,$54409.5,Wedicare,A197721
T100001099,2013-06-01,$5623.92,96,$539896.32,Wedicare,A176121
T100001100,2013-06-01,$8584.61,142,$1219014.62,Wedicare,A141121
T100001101,2013-06-01,$9008.33,149,$1342241.17,Wedicare,A123521
T100001102,2013-06-01,$533.93,10,$5339.3,Wedicare,A157121
T100001103,2013-06-01,$1335.36,25,$33384,Wedicare,A176121
T100001104,2013-06-01,$533.93,10,$5339.3,Wedicare,A113321
T100001105,2013-06-01,$533.93,10,$5339.3,Wedicare,A197521
T100001106,2013-06-01,$513.6,12,$6163.2,Wedicare,A157121
T100001107,2013-06-01,$379.85,12,$4558.2,Wedicare,A123421
T100001108,2013-06-01,$348.82,11,$3837.02,Wedicare,A132021
T100001109,2013-06-01,$507.18,16,$8114.88,Wedicare,A199821
T100001110,2013-06-01,$960.86,18,$17295.48,Wedicare,A132821
T100001111,2013-06-01,$1013.29,32,$32425.28,Wedicare,A130221
T100001112,2013-06-01,$743.65,16,$11898.4,Tridesta,A104921
T100001113,2013-06-01,$4276.79,92,$393464.68,Tridesta,A199921
T100001114,2013-06-01,$836.74,18,$15061.32,Tridesta,A188621
T100001115,2013-06-01,$4323.87,93,$402119.91,Tridesta,A197521
T100001116,2013-06-01,$929.83,20,$18596.6,Tridesta,A165821
T100001117,2013-06-01,$1952.75,42,$82015.5,Tridesta,A119121
T100001118,2013-06-01,$1162.02,25,$29050.5,Tridesta,A113521
T100001119,2013-06-01,$4044.6,87,$351880.2,Tridesta,A157121
T100001120,2013-06-01,$2278.03,49,$111623.47,Tridesta,A136821
T100001121,2013-06-01,$854.93,1,$854.93,Samtan,A199921
T100001122,2013-06-01,$854.93,1,$854.93,Samtan,A189621
T100001123,2013-06-01,$854.93,1,$854.93,Samtan,A129421
T100001124,2013-06-01,$1709.86,2,$3419.72,Samtan,A199821
T100001125,2013-06-01,$854.93,1,$854.93,Samtan,A181421
T100001126,2013-06-01,$1709.86,2,$3419.72,Samtan,A194621
T100001127,2013-06-01,$3419.72,4,$13678.88,Samtan,A130021
T100001128,2013-06-01,$9404.23,11,$103446.53,Samtan,A197521
T100001129,2013-07-01,$2652.53,130,$344828.9,Lomina,A132821
T100001130,2013-07-01,$714.76,4,$2859.04,Lomina,A138521
T100001131,2013-07-01,$269.64,12,$3235.68,Lomina,A117821
T100001132,2013-07-01,$381.99,17,$6493.83,Lomina,A149221
T100001133,2013-07-01,$561.75,25,$14043.75,Lomina,A107521
T100001134,2013-07-01,$179.76,8,$1438.08,Lomina,A100021
T100001135,2013-07-01,$224.7,10,$2247,Lomina,A199921
T100001136,2013-07-01,$247.17,11,$2718.87,Lomina,A123921
T100001137,2013-07-01,$269.64,12,$3235.68,Lomina,A155621
T100001138,2013-07-01,$247.17,11,$2718.87,Lomina,A189621
T100001139,2013-07-01,$202.23,9,$1820.07,Lomina,A179321
T100001140,2013-07-01,$247.17,11,$2718.87,Lomina,A122321
T100001141,2013-07-01,$202.23,9,$1820.07,Lomina,A197521
T100001142,2013-07-01,$381.99,17,$6493.83,Lomina,A141121
T100001143,2013-07-01,$292.11,13,$3797.43,Lomina,A187221
T100001144,2013-07-01,$652.7,32,$20886.4,Lomina,A119021
T100001145,2013-07-01,$292.11,13,$3797.43,Lomina,A199121
T100001146,2013-07-01,$1305.4,64,$83545.6,Lomina,A199821
T100001147,2013-07-01,$584.22,26,$15189.72,Lomina,A198121
T100001148,2013-07-01,$539.28,24,$12942.72,Lomina,A160821
T100001149,2013-07-01,$516.81,23,$11886.63,Lomina,A138521
T100001150,2013-07-01,$539.28,24,$12942.72,Lomina,A130221
T100001151,2013-07-01,$426.93,19,$8111.67,Lomina,A132821
T100001152,2013-07-01,$943.74,42,$39637.08,Lomina,A157121
T100001153,2013-07-01,$853.86,38,$32446.68,Lomina,A181421
T100001154,2013-07-01,$966.21,43,$41547.03,Lomina,A138321
T100001155,2013-07-01,$1632.82,27,$44086.14,Wedicare,A157121
T100001156,2013-07-01,$3627.3,60,$217638,Wedicare,A100021
T100001157,2013-07-01,$15055.97,257,$3869384.29,Wedicare,A140821
T100001158,2013-07-01,$6770.96,112,$758347.52,Wedicare,A141121
T100001159,2013-07-01,$480.43,9,$4323.87,Wedicare,A123921
T100001160,2013-07-01,$480.43,9,$4323.87,Wedicare,A113321
T100001161,2013-07-01,$533.93,10,$5339.3,Wedicare,A197521
T100001162,2013-07-01,$556.4,13,$7233.2,Wedicare,A157121
T100001163,2013-07-01,$428,10,$4280,Wedicare,A132821
T100001164,2013-07-01,$411.95,13,$5355.35,Wedicare,A123421
T100001165,2013-07-01,$316.72,10,$3167.2,Wedicare,A198121
T100001166,2013-07-01,$316.72,10,$3167.2,Wedicare,A199921
T100001167,2013-07-01,$587.43,11,$6461.73,Wedicare,A196021
T100001168,2013-07-01,$533.93,10,$5339.3,Wedicare,A113521
T100001169,2013-07-01,$6630.79,112,$742648.48,Wedicare,A197521
T100001170,2013-07-01,$14696.45,245,$3600630.25,Wedicare,A123521
T100001171,2013-07-01,$1335.36,25,$33384,Wedicare,A123521
T100001172,2013-07-01,$823.9,26,$21421.4,Wedicare,A197221
T100001173,2013-07-01,$1520.47,48,$72982.56,Wedicare,A130221
T100001174,2013-07-01,$1162.02,25,$29050.5,Tridesta,A136821
T100001175,2013-07-01,$1720.56,37,$63660.72,Tridesta,A163621
T100001176,2013-07-01,$3812.41,82,$312617.62,Tridesta,A197521
T100001177,2013-07-01,$1998.76,43,$85946.68,Tridesta,A180821
T100001178,2013-07-01,$4184.77,90,$376629.3,Tridesta,A141121
T100001179,2013-07-01,$790.73,17,$13442.41,Tridesta,A130221
T100001180,2013-07-01,$929.83,20,$18596.6,Tridesta,A196021
T100001181,2013-07-01,$836.74,18,$15061.32,Tridesta,A111921
T100001182,2013-07-01,$2417.13,52,$125690.76,Tridesta,A104921
T100001183,2013-07-01,$4788.25,103,$493189.75,Tridesta,A157121
T100001184,2013-07-01,$1952.75,42,$82015.5,Tridesta,A199921
T100001185,2013-07-01,$2371.12,51,$120927.12,Tridesta,A129421
T100001186,2013-07-01,$2138.93,46,$98390.78,Tridesta,A188621
T100001187,2013-07-01,$2232.02,48,$107136.96,Tridesta,A140821
T100001188,2013-07-01,$3346.96,72,$240981.12,Tridesta,A113521
T100001189,2013-07-01,$854.93,1,$854.93,Samtan,A100021
T100001190,2013-07-01,$854.93,1,$854.93,Samtan,A199921
T100001191,2013-07-01,$854.93,1,$854.93,Samtan,A129421
T100001192,2013-07-01,$854.93,1,$854.93,Samtan,A111921
T100001193,2013-07-01,$854.93,1,$854.93,Samtan,A113521
T100001194,2013-07-01,$1709.86,2,$3419.72,Samtan,A194621
T100001195,2013-07-01,$5984.51,7,$41891.57,Samtan,A197521
T100001196,2013-07-01,$5129.58,6,$30777.48,Samtan,A130021
T100001197,2013-08-01,$571.38,28,$15998.64,Lomina,A199821
T100001198,2013-08-01,$734.02,36,$26424.72,Lomina,A141121
T100001199,2013-08-01,$178.69,1,$178.69,Lomina,A157121
T100001200,2013-08-01,$536.07,3,$1608.21,Lomina,A181421
T100001201,2013-08-01,$202.23,9,$1820.07,Lomina,A164921
T100001202,2013-08-01,$269.64,12,$3235.68,Lomina,A117821
T100001203,2013-08-01,$247.17,11,$2718.87,Lomina,A112321
T100001204,2013-08-01,$494.34,22,$10875.48,Lomina,A149221
T100001205,2013-08-01,$404.46,18,$7280.28,Lomina,A107521
T100001206,2013-08-01,$381.99,17,$6493.83,Lomina,A198121
T100001207,2013-08-01,$202.23,9,$1820.07,Lomina,A199921
T100001208,2013-08-01,$247.17,11,$2718.87,Lomina,A136821
T100001209,2013-08-01,$224.7,10,$2247,Lomina,A155621
T100001210,2013-08-01,$224.7,10,$2247,Lomina,A160821
T100001211,2013-08-01,$179.76,8,$1438.08,Lomina,A138321
T100001212,2013-08-01,$247.17,11,$2718.87,Lomina,A147921
T100001213,2013-08-01,$247.17,11,$2718.87,Lomina,A121521
T100001214,2013-08-01,$202.23,9,$1820.07,Lomina,A179321
T100001215,2013-08-01,$269.64,12,$3235.68,Lomina,A122321
T100001216,2013-08-01,$247.17,11,$2718.87,Lomina,A186921
T100001217,2013-08-01,$269.64,12,$3235.68,Lomina,A141121
T100001218,2013-08-01,$247.17,11,$2718.87,Lomina,A190821
T100001219,2013-08-01,$202.23,9,$1820.07,Lomina,A187221
T100001220,2013-08-01,$571.38,28,$15998.64,Lomina,A157521
T100001221,2013-08-01,$796.08,39,$31047.12,Lomina,A119021
T100001222,2013-08-01,$202.23,9,$1820.07,Lomina,A131421
T100001223,2013-08-01,$1102.1,54,$59513.4,Lomina,A100021
T100001224,2013-08-01,$471.87,21,$9909.27,Lomina,A157121
T100001225,2013-08-01,$449.4,20,$8988,Lomina,A130221
T100001226,2013-08-01,$1190.91,53,$63118.23,Lomina,A117021
T100001227,2013-08-01,$561.75,25,$14043.75,Lomina,A181421
T100001228,2013-08-01,$3385.48,56,$189586.88,Wedicare,A199921
T100001229,2013-08-01,$6326.91,108,$683306.28,Wedicare,A176121
T100001230,2013-08-01,$14880.49,254,$3779644.46,Wedicare,A140821
T100001231,2013-08-01,$4406.26,93,$409782.18,Wedicare,A199821
T100001232,2013-08-01,$11599.87,198,$2296774.26,Wedicare,A123521
T100001233,2013-08-01,$480.43,9,$4323.87,Wedicare,A157121
T100001234,2013-08-01,$1335.36,25,$33384,Wedicare,A176121
T100001235,2013-08-01,$480.43,9,$4323.87,Wedicare,A113321
T100001236,2013-08-01,$587.43,11,$6461.73,Wedicare,A197521
T100001237,2013-08-01,$587.43,11,$6461.73,Wedicare,A138521
T100001238,2013-08-01,$426.93,8,$3415.44,Wedicare,A123521
T100001239,2013-08-01,$385.2,9,$3466.8,Wedicare,A157121
T100001240,2013-08-01,$470.8,11,$5178.8,Wedicare,A132821
T100001241,2013-08-01,$253.59,8,$2028.72,Wedicare,A198121
T100001242,2013-08-01,$316.72,10,$3167.2,Wedicare,A199921
T100001243,2013-08-01,$284.62,9,$2561.58,Wedicare,A132021
T100001244,2013-08-01,$507.18,16,$8114.88,Wedicare,A199821
T100001245,2013-08-01,$411.95,13,$5355.35,Wedicare,A164421
T100001246,2013-08-01,$1571.83,26,$40867.58,Wedicare,A157521
T100001247,2013-08-01,$587.43,11,$6461.73,Wedicare,A157521
T100001248,2013-08-01,$3748.21,62,$232389.02,Wedicare,A157121
T100001249,2013-08-01,$16729.45,281,$4700975.45,Wedicare,A141121
T100001250,2013-08-01,$883.82,19,$16792.58,Tridesta,A199921
T100001251,2013-08-01,$3487.13,75,$261534.75,Tridesta,A197521
T100001252,2013-08-01,$1580.39,34,$53733.26,Tridesta,A180821
T100001253,2013-08-01,$4695.16,101,$474211.16,Tridesta,A141121
T100001254,2013-08-01,$1068.93,23,$24585.39,Tridesta,A196021
T100001255,2013-08-01,$2371.12,51,$120927.12,Tridesta,A119121
T100001256,2013-08-01,$1302.19,28,$36461.32,Tridestand,A131421
T100001257,2013-08-01,$4695.16,101,$474211.16,Tridesta,A157121
T100001258,2013-08-01,$1720.56,37,$63660.72,Tridesta,A188621
T100001259,2013-08-01,$854.93,1,$854.93,Samtan,A120121
T100001260,2013-08-01,$854.93,1,$854.93,Samatan,A129421
T100001261,2013-08-01,$854.93,1,$854.93,Samtan,A181421
T100001262,2013-08-01,$854.93,1,$854.93,Samtan,A194621
T100001263,2013-08-01,$4274.65,5,$21373.25,Samtan,A130021
T100001264,2013-08-01,$7694.37,9,$69249.33,Samtan,A197521
T100001265,2013-09-01,$652.7,32,$20886.4,Lomina,A100021
T100001266,2013-09-01,$357.38,2,$714.76,Lomina,A189621
T100001267,2013-09-01,$536.07,3,$1608.21,Lomina,A163621
T100001268,2013-09-01,$714.76,4,$2859.04,Lomina,A138521
T100001269,2013-09-01,$536.07,3,$1608.21,Lomina,A199821
T100001270,2013-09-01,$292.11,13,$3797.43,Lomina,A117821
T100001271,2013-09-01,$247.17,11,$2718.87,Lomina,A112321
T100001272,2013-09-01,$516.81,23,$11886.63,Lomina,A149221
T100001273,2013-09-01,$224.7,10,$2247,Lomina,A197221
T100001274,2013-09-01,$269.64,12,$3235.68,Lomina,A100021
T100001275,2013-09-01,$269.64,12,$3235.68,Lomina,A199921
T100001276,2013-09-01,$224.7,10,$2247,Lomina,A136821
T100001277,2013-09-01,$224.7,10,$2247,Lomina,A138321
T100001278,2013-09-01,$224.7,10,$2247,Lomina,A179321
T100001279,2013-09-01,$516.81,23,$11886.63,Lomina,A188621
T100001280,2013-09-01,$269.64,12,$3235.68,Lomina,A138521
T100001281,2013-09-01,$471.87,21,$9909.27,Lomina,A141121
T100001282,2013-09-01,$224.7,10,$2247,Lomina,A132821
T100001283,2013-09-01,$179.76,8,$1438.08,Lomina,A190821
T100001284,2013-09-01,$1387.79,68,$94369.72,Lomina,A134221
T100001285,2013-09-01,$490.06,24,$11761.44,Lomina,A184221
T100001286,2013-09-01,$269.64,12,$3235.68,Lomina,A119121
T100001287,2013-09-01,$224.7,10,$2247,Lomina,A131421
T100001287,2013-09-01,$224.7,8,$1797.6,Lomina,A131421
T100001288,2013-09-01,$247.17,11,$2718.87,Lomina,A199121
T100001289,2013-09-01,$714.76,4,$2859.04,Lomina,A153421
T100001290,2013-09-01,$584.22,26,$15189.72,Lomina,A123921
T100001291,2013-09-01,$876.33,39,$34176.87,Lomina,A121521
T100001292,2013-09-01,$539.28,24,$12942.72,Lomina,A113321
T100001293,2013-09-01,$516.81,23,$11886.63,Lomina,A186921
T100001294,2013-09-01,$359.52,16,$5752.32,Lomina,A130221
T100001295,2013-09-01,$606.69,27,$16380.63,Lomina,A117021
T100001296,2013-09-01,$808.92,36,$29121.12,Lomina,A181421
T100001297,2013-09-01,$966.21,43,$41547.03,Lomina,A157121
T100001298,2013-09-01,$1145.97,51,$58444.47,Lomina,A198121
T100001299,2013-09-01,$1101.03,49,$53950.47,Lomina,A129421
T100001300,2013-09-01,$5622.85,93,$522925.05,Wedicare,A130021
T100001301,2013-09-01,$1753.73,29,$50858.17,Wedicare,A197721
T100001302,2013-09-01,$7732.89,132,$1020741.48,Wedicare,A176121
T100001303,2013-09-01,$8705.52,144,$1253594.88,Wedicare,A141121
T100001304,2013-09-01,$640.93,12,$7691.16,Wedicare,A198621
T100001305,2013-09-01,$587.43,11,$6461.73,Wedicare,A157121
T100001306,2013-09-01,$1387.79,26,$36082.54,Wedicare,A176121
T100001307,2013-09-01,$480.43,9,$4323.87,Wedicare,A113321
T100001308,2013-09-01,$480.43,9,$4323.87,Wedicare,A197521
T100001309,2013-09-01,$856,20,$17120,Wedicare,A149221
T100001310,2013-09-01,$556.4,13,$7233.2,Wedicare,A176121
T100001311,2013-09-01,$385.2,9,$3466.8,Wedicare,A132821
T100001312,2013-09-01,$316.72,10,$3167.2,Wedicare,A123421
T100001313,2013-09-01,$348.82,11,$3837.02,Wedicare,A197221
T100001314,2013-09-01,$348.82,11,$3837.02,Wedicare,A198121
T100001315,2013-09-01,$316.72,10,$3167.2,Wedicare,A199921
T100001316,2013-09-01,$379.85,12,$4558.2,Wedicare,A176121
T100001317,2013-09-01,$665.54,21,$13976.34,Wedicare,A199821
T100001318,2013-09-01,$728.67,23,$16759.41,Wedicare,A130221
T100001319,2013-09-01,$7678.32,127,$975146.64,Wedicare,A157521
T100001320,2013-09-01,$587.43,11,$6461.73,Wedicare,A196021
T100001321,2013-09-01,$640.93,12,$7691.16,Wedicare,A113521
T100001322,2013-09-01,$5209.83,88,$458465.04,Wedicare,A157121
T100001323,2013-09-01,$32737.72,554,$18136696.88,Wedicare,A123521
T100001324,2013-09-01,$2371.12,51,$120927.12,Tridesta,A161421
T100001325,2013-09-01,$1116.01,24,$26784.24,Tridesta,A197721
T100001326,2013-09-01,$4975.5,107,$532378.5,Tridesta,A197521
T100001327,2013-09-01,$2417.13,52,$125690.76,Tridesta,A180821
T100001328,2013-09-01,$3951.51,85,$335878.35,Tridesta,A141121
T100001329,2013-09-01,$5997.35,129,$773658.15,Tridesta,A139021
T100001330,2013-09-01,$2696.4,58,$156391.2,Tridesta,A104921
T100001331,2013-09-01,$2138.93,46,$98390.78,Tridesta,A120121
T100001332,2013-09-01,$6788.08,146,$991059.68,Tridesta,A199921
T100001333,2013-09-01,$2232.02,48,$107136.96,Tridesta,A129421
T100001334,2013-09-01,$1534.38,33,$50634.54,Tridesta,A188621
T100001335,2013-09-01,$2604.38,56,$145845.28,Tridesta,A119121
T100001336,2013-09-01,$22315.92,480,$10711641.6,Tridesta,A157121
T100001337,2013-09-01,$854.93,1,$854.93,Samtan,A120121
T100001338,2013-09-01,$854.93,1,$854.93,Samtan,A198121
T100001339,2013-09-01,$854.93,1,$854.93,Samtan,A199921
T100001340,2013-09-01,$854.93,1,$854.93,Samtan,A189621
T100001341,2013-09-01,$854.93,1,$854.93,Samtan,A129421
T100001342,2013-09-01,$1709.86,2,$3419.72,Samtan,A199821
T100001343,2013-09-01,$854.93,1,$854.93,Samtan,A160021
T100001344,2013-09-01,$854.93,1,$854.93,Samtan,A157521
T100001345,2013-09-01,$854.93,1,$854.93,Samtan,A113521
T100001346,2013-09-01,$5984.51,7,$41891.57,Samtan,A130021
T100001347,2013-09-01,$5984.51,7,$41891.57,Samtan,A197521
T100001348,2013-10-01,$591.71,29,$17159.59,Lomina,A100021
T100001349,2013-10-01,$530.72,26,$13798.72,Lomina,A140821
T100001350,2013-10-01,$612.04,30,$18361.2,Lomina,A199821
T100001351,2013-10-01,$714.76,4,$2859.04,Lomina,A138521
T100001352,2013-10-01,$202.23,9,$1820.07,Lomina,A198621
T100001353,2013-10-01,$269.64,12,$3235.68,Lomina,A164921
T100001354,2013-10-01,$269.64,12,$3235.68,Lomina,A117821
T100001355,2013-10-01,$247.17,11,$2718.87,Lomina,A112321
T100001356,2013-10-01,$269.64,12,$3235.68,Lomina,A197221
T100001357,2013-10-01,$471.87,21,$9909.27,Lomina,A198121
T100001358,2013-10-01,$247.17,11,$2718.87,Lomina,A155621
T100001359,2013-10-01,$269.64,12,$3235.68,Lomina,A160821
T100001360,2013-10-01,$202.23,9,$1820.07,Lomina,A113321
T100001361,2013-10-01,$224.7,10,$2247,Lomina,A179321
T100001362,2013-10-01,$516.81,23,$11886.63,Lomina,A122321
T100001363,2013-10-01,$247.17,11,$2718.87,Lomina,A190821
T100001364,2013-10-01,$269.64,12,$3235.68,Lomina,A187221
T100001365,2013-10-01,$247.17,11,$2718.87,Lomina,A127221
T100001366,2013-10-01,$224.7,10,$2247,Lomina,A199121
T100001367,2013-10-01,$831.39,37,$30761.43,Lomina,A107521
T100001368,2013-10-01,$561.75,25,$14043.75,Lomina,A157121
T100001369,2013-10-01,$359.52,16,$5752.32,Lomina,A147921
T100001370,2013-10-01,$471.87,21,$9909.27,Lomina,A138521
T100001371,2013-10-01,$853.86,38,$32446.68,Lomina,A141121
T100001372,2013-10-01,$561.75,25,$14043.75,Lomina,A130221
T100001373,2013-10-01,$606.69,27,$16380.63,Lomina,A117021
T100001374,2013-10-01,$719.04,32,$23009.28,Lomina,A199921
T100001375,2013-10-01,$674.1,30,$20223,Lomina,A138321
T100001376,2013-10-01,$1662.78,74,$123045.72,Lomina,A129421
T100001377,2013-10-01,$1370.67,61,$83610.87,Lomina,A181421
T100001378,2013-10-01,$1813.65,30,$54409.5,Wedicare,A157121
T100001379,2013-10-01,$3809.2,63,$239979.6,Wedicare,A199921
T100001380,2013-10-01,$4776.48,79,$377341.92,Wedicare,A130021
T100001381,2013-10-01,$7616.26,130,$990113.8,Wedicare,A176121
T100001382,2013-10-01,$2962.83,49,$145178.67,Wedicare,A199421
T100001383,2013-10-01,$9189.16,152,$1396752.32,Wedicare,A141121
T100001384,2013-10-01,$2055.47,34,$69885.98,Wedicare,A181421
T100001385,2013-10-01,$640.93,12,$7691.16,Wedicare,A198621
T100001386,2013-10-01,$640.93,12,$7691.16,Wedicare,A105221
T100001387,2013-10-01,$960.86,18,$17295.48,Wedicare,A176121
T100001388,2013-10-01,$426.93,8,$3415.44,Wedicare,A113321
T100001389,2013-10-01,$587.43,11,$6461.73,Wedicare,A123521
T100001390,2013-10-01,$533.93,10,$5339.3,Wedicare,A132821
T100001391,2013-10-01,$587.43,11,$6461.73,Wedicare,A165421
T100001392,2013-10-01,$428,10,$4280,Wedicare,A157121
T100001393,2013-10-01,$513.6,12,$6163.2,Wedicare,A132821
T100001394,2013-10-01,$284.62,9,$2561.58,Wedicare,A198121
T100001395,2013-10-01,$253.59,8,$2028.72,Wedicare,A199921
T100001396,2013-10-01,$728.67,23,$16759.41,Wedicare,A199821
T100001397,2013-10-01,$2237.37,37,$82782.69,Wedicare,A157521
T100001398,2013-10-01,$533.93,10,$5339.3,Wedicare,A113521
T100001399,2013-10-01,$6590.13,109,$718324.17,Wedicare,A100021
T100001400,2013-10-01,$3748.21,62,$232389.02,Wedicare,A136821
T100001401,2013-10-01,$6368.64,107,$681444.48,Wedicare,A197521
T100001402,2013-10-01,$12117.75,202,$2447785.5,Wedicare,A123521
T100001403,2013-10-01,$960.86,18,$17295.48,Wedicare,A197521
T100001404,2013-10-01,$570.31,18,$10265.58,Wedicare,A197221
T100001405,2013-10-01,$1551.5,49,$76023.5,Wedicare,A130221
T100001406,2013-10-01,$975.84,21,$20492.64,Tridesta,A120121
T100001407,2013-10-01,$790.73,17,$13442.41,Tridesta,A199921
T100001408,2013-10-01,$836.74,18,$15061.32,Tridesta,A136821
T100001409,2013-10-01,$1068.93,23,$24585.39,Tridesta,A100321
T100001410,2013-10-01,$975.84,21,$20492.64,Tridesta,A165821
T100001411,2013-10-01,$1116.01,24,$26784.24,Tridesta,A196021
T100001412,2013-10-01,$1952.75,42,$82015.5,Tridesta,A119121
T100001413,2013-10-01,$3161.85,68,$215005.8,Tridesta,A131421
T100001414,2013-10-01,$3114.77,67,$208689.59,Tridesta,A129421
T100001415,2013-10-01,$4603.14,99,$455710.86,Tridesta,A141121
T100001416,2013-10-01,$6881.17,148,$1018413.16,Tridesta,A104921
T100001417,2013-10-01,$5904.26,127,$749841.02,Tridesta,A113521
T100001418,2013-10-01,$8554.65,184,$1574055.6,Tridesta,A157121
T100001419,2013-10-01,$854.93,1,$854.93,Samtan,A197221
T100001420,2013-10-01,$854.93,1,$854.93,Samtan,A198121
T100001421,2013-10-01,$854.93,1,$854.93,Samtan,A147921
T100001422,2013-10-01,$854.93,1,$854.93,Samtan,A160021
T100001423,2013-10-01,$854.93,1,$854.93,Samtan,A181421
T100001424,2013-10-01,$2564.79,3,$7694.37,Samtan,A129421
T100001425,2013-10-01,$9404.23,11,$103446.53,Samtan,A199921
T100001426,2013-10-01,$2564.79,3,$7694.37,Samtan,A176121
T100001427,2013-10-01,$5129.58,6,$30777.48,Samtan,A130021
T100001428,2013-10-01,$9404.23,11,$103446.53,Samtan,A197521
T100001429,2013-11-01,$632.37,31,$19603.47,Lomina,A199921
T100001430,2013-11-01,$178.69,1,$178.69,Lomina,A157121
T100001431,2013-11-01,$178.69,1,$178.69,Lomina,A120221
T100001432,2013-11-01,$269.64,12,$3235.68,Lomina,A110721
T100001433,2013-11-01,$224.7,10,$2247,Lomina,A164921
T100001434,2013-11-01,$292.11,13,$3797.43,Lomina,A117821
T100001435,2013-11-01,$202.23,9,$1820.07,Lomina,A112321
T100001436,2013-11-01,$404.46,18,$7280.28,Lomina,A149221
T100001437,2013-11-01,$247.17,11,$2718.87,Lomina,A197221
T100001438,2013-11-01,$179.76,8,$1438.08,Lomina,A199921
T100001439,2013-11-01,$224.7,21,$2247,,A120521
T100001440,2013-11-01,$1254.95,20,$2247,,A136821
T100001441,2013-11-01,$269.64,12,$3235.68,,A160821
T100001442,2013-11-01,$247.17,24,$2718.87,,A121521
T100001443,2013-11-01,$292.11,33,$3797.43,,A179321
T100001444,2013-11-01,$269.64,18,$3235.68,,A138521
T100001445,2013-11-01,$179.76,34,$1438.08,,A141121
T100001446,2013-11-01,$224.7,19,$2247,,A132821
T100001447,2013-11-01,$3118.14,18,$2718.87,,A117021
T100001448,2013-11-01,$247.17,15,$2718.87,,A181421
T100001449,2013-11-01,$247.17,41,$2718.87,,A190821
T100001450,2013-11-01,$292.11,16,$3797.43,,A131421
T100001451,2013-11-01,$269.64,19,$3235.68,,A199121
T100001452,2013-11-01,$1509.77,74,$111722.98,Lomina,A140821
T100001453,2013-11-01,$359.52,16,$5752.32,Lomina,A157121
T100001454,2013-11-01,$831.39,37,$30761.43,Lomina,A198121
T100001455,2013-11-01,$561.75,25,$14043.75,Lomina,A100021
T100001456,2013-11-01,$786.45,35,$27525.75,Lomina,A129421
T100001457,2013-11-01,$561.75,25,$14043.75,Lomina,A113321
T100001458,2013-11-01,$539.28,24,$12942.72,Lomina,A100321
T100001459,2013-11-01,$449.4,20,$8988,Lomina,A130221
T100001460,2013-11-01,$1570.76,77,$120948.52,Lomina,A100021
T100001461,2013-11-01,$1753.73,29,$50858.17,Wedicare,A157121
T100001462,2013-11-01,$9022.24,154,$1389424.96,Wedicare,A136821
T100001463,2013-11-01,$6590.13,109,$718324.17,Wedicare,A130021
T100001464,2013-11-01,$7616.26,130,$990113.8,Wedicare,A176121
T100001465,2013-11-01,$14762.79,252,$3720223.08,Wedicare,A140821
T100001466,2013-11-01,$6106.49,101,$616755.49,Wedicare,A141121
T100001467,2013-11-01,$3869.12,64,$247623.68,Wedicare,A160021
T100001468,2013-11-01,$2870.81,49,$140669.69,Wedicare,A117021
T100001469,2013-11-01,$694.43,13,$9027.59,Wedicare,A110721
T100001470,2013-11-01,$640.93,12,$7691.16,Wedicare,A105221
T100001471,2013-11-01,$533.93,10,$5339.3,Wedicare,A113321
T100001472,2013-11-01,$533.93,10,$5339.3,Wedicare,A165421
T100001473,2013-11-01,$513.6,12,$6163.2,Wedicare,A157121
T100001474,2013-11-01,$428,10,$4280,Wedicare,A132821
T100001475,2013-11-01,$379.85,12,$4558.2,Wedicare,A123421
T100001476,2013-11-01,$316.72,10,$3167.2,Wedicare,A198121
T100001477,2013-11-01,$348.82,11,$3837.02,Wedicare,A199921
T100001478,2013-11-01,$316.72,10,$3167.2,Wedicare,A132721
T100001479,2013-11-01,$348.82,11,$3837.02,Wedicare,A176121
T100001480,2013-11-01,$284.62,9,$2561.58,Wedicare,A108821
T100001481,2013-11-01,$253.59,8,$2028.72,Wedicare,A132021
T100001482,2013-11-01,$316.72,10,$3167.2,Wedicare,A199821
T100001483,2013-11-01,$3506.39,58,$203370.62,Wedicare,A157521
T100001484,2013-11-01,$2297.29,38,$87297.02,Wedicare,A127221
T100001485,2013-11-01,$533.93,10,$5339.3,Wedicare,A146921
T100001486,2013-11-01,$3688.29,61,$224985.69,Wedicare,A197721
T100001487,2013-11-01,$16136.67,269,$4340764.23,Wedicare,A123521
T100001488,2013-11-01,$1014.36,19,$19272.84,Wedicare,A197521
T100001489,2013-11-01,$601.34,19,$11425.46,Wedicare,A197221
T100001490,2013-11-01,$975.84,21,$20492.64,Tridesta,A112321
T100001491,2013-11-01,$1952.75,42,$82015.5,Tridesta,A163621
T100001492,2013-11-01,$3859.49,83,$320337.67,Tridesta,A197521
T100001493,2013-11-01,$1209.1,26,$31436.6,Tridesta,A196021
T100001494,2013-11-01,$1534.38,33,$50634.54,Tridesta,A113521
T100001495,2013-11-01,$3580.22,77,$275676.94,Tridesta,A157121
T100001496,2013-11-01,$1998.76,43,$85946.68,Tridesta,A188621
T100001497,2013-11-01,$3394.04,73,$247764.92,Tridesta,A129421
T100001498,2013-11-01,$4835.33,104,$502874.32,Tridesta,A104921
T100001499,2013-11-01,$854.93,1,$854.93,Samtan,A197221
T100001500,2013-11-01,$854.93,1,$854.93,Samtan,A189621
T100001501,2013-11-01,$854.93,1,$854.93,Samtan,A129421
T100001502,2013-11-01,$1709.86,2,$3419.72,Samtan,A199821
T100001503,2013-11-01,$854.93,1,$854.93,Samtan,A160021
T100001504,2013-11-01,$8549.3,10,$85493,Samtan,A199921
T100001505,2013-11-01,$3419.72,4,$13678.88,Samtan,A176121
T100001506,2013-11-01,$7694.37,9,$69249.33,Samtan,A130021
T100001507,2013-11-01,$10259.16,12,$123109.92,Samtan,A197521
T100001508,2013-12-01,$1264.74,62,$78413.88,Lomina,A100021
T100001509,2013-12-01,$693.36,34,$23574.24,Lomina,A199921
T100001510,2013-12-01,$536.07,3,$1608.21,Lomina,A197221
T100001511,2013-12-01,$178.69,1,$178.69,Lomina,A157121
T100001512,2013-12-01,$178.69,1,$178.69,Lomina,A120521
T100001513,2013-12-01,$714.76,4,$2859.04,Lomina,A197721
T100001514,2013-12-01,$178.69,1,$178.69,Lomina,A108821
T100001515,2013-12-01,$292.11,13,$3797.43,Lomina,A110721
T100001516,2013-12-01,$269.64,12,$3235.68,Lomina,A164921
T100001517,2013-12-01,$292.11,13,$3797.43,Lomina,A117821
T100001518,2013-12-01,$269.64,12,$3235.68,Lomina,A112321
T100001519,2013-12-01,$224.7,10,$2247,Lomina,A104921
T100001520,2013-12-01,$269.64,12,$3235.68,Lomina,A197221
T100001521,2013-12-01,$404.46,18,$7280.28,Lomina,A198121
T100001522,2013-12-01,$224.7,10,$2247,Lomina,A100021
T100001523,2013-12-01,$247.17,11,$2718.87,Lomina,A199921
T100001524,2013-12-01,$202.23,9,$1820.07,Lomina,A120521
T100001525,2013-12-01,$426.93,19,$8111.67,Lomina,A103521
T100001526,2013-12-01,$269.64,12,$3235.68,Lomina,A136821
T100001527,2013-12-01,$292.11,13,$3797.43,Lomina,A155621
T100001528,2013-12-01,$449.4,20,$8988,Lomina,A138321
T100001529,2013-12-01,$202.23,9,$1820.07,Lomina,A147921
T100001530,2013-12-01,$247.17,11,$2718.87,Lomina,A108821
T100001531,2013-12-01,$224.7,10,$2247,Lomina,A113321
T100001532,2013-12-01,$539.28,24,$12942.72,Lomina,A122321
T100001533,2013-12-01,$179.76,8,$1438.08,Lomina,A138521
T100001534,2013-12-01,$269.64,12,$3235.68,Lomina,A141121
T100001535,2013-12-01,$381.99,17,$6493.83,Lomina,A117021
T100001536,2013-12-01,$571.38,28,$15998.64,Lomina,A113521
T100001537,2013-12-01,$247.17,11,$2718.87,Lomina,A119121
T100001538,2013-12-01,$247.17,11,$2718.87,Lomina,A131421
T100001539,2013-12-01,$202.23,9,$1820.07,Lomina,A194621
T100001540,2013-12-01,$202.23,9,$1820.07,Lomina,A199121
T100001541,2013-12-01,$876.33,39,$34176.87,Lomina,A149221
T100001542,2013-12-01,$719.04,32,$23009.28,Lomina,A129421
T100001543,2013-12-01,$1168.44,52,$60758.88,Lomina,A121521
T100001544,2013-12-01,$449.4,20,$8988,Lomina,A179321
T100001545,2013-12-01,$426.93,19,$8111.67,Lomina,A132821
T100001546,2013-12-01,$426.93,19,$8111.67,Lomina,A190821
T100001547,2013-12-01,$1509.77,74,$111722.98,Lomina,A196021
T100001548,2013-12-01,$1509.77,74,$111722.98,Lomina,A158521
T100001549,2013-12-01,$943.74,42,$39637.08,Lomina,A157121
T100001550,2013-12-01,$808.92,36,$29121.12,Lomina,A100321
T100001551,2013-12-01,$943.74,42,$39637.08,Lomina,A181421
T100001552,2013-12-01,$1033.62,46,$47546.52,Lomina,A130221
T100001553,2013-12-01,$4655.57,77,$358478.89,Wedicare,A100021
T100001554,2013-12-01,$1692.74,28,$47396.72,Wedicare,A199921
T100001555,2013-12-01,$7616.26,130,$990113.8,Wedicare,A136821
T100001556,2013-12-01,$2176.38,36,$78349.68,Wedicare,A197721
T100001557,2013-12-01,$6092.58,104,$633628.32,Wedicare,A176121
T100001558,2013-12-01,$4569.97,78,$356457.66,Wedicare,A199421
T100001559,2013-12-01,$3163.99,54,$170855.46,Wedicare,A197521
T100001560,2013-12-01,$640.93,12,$7691.16,Wedicare,A198621
T100001561,2013-12-01,$640.93,12,$7691.16,Wedicare,A110721
T100001562,2013-12-01,$640.93,12,$7691.16,Wedicare,A105221
T100001563,2013-12-01,$426.93,8,$3415.44,Wedicare,A157121
T100001564,2013-12-01,$1387.79,26,$36082.54,Wedicare,A176121
T100001565,2013-12-01,$640.93,12,$7691.16,Wedicare,A113321
T100001566,2013-12-01,$587.43,11,$6461.73,Wedicare,A197521
T100001567,2013-12-01,$426.93,8,$3415.44,Wedicare,A132821
T100001568,2013-12-01,$556.4,13,$7233.2,Wedicare,A132821
T100001569,2013-12-01,$348.82,11,$3837.02,Wedicare,A198121
T100001570,2013-12-01,$348.82,11,$3837.02,Wedicare,A199921
T100001571,2013-12-01,$284.62,9,$2561.58,Wedicare,A132721
T100001572,2013-12-01,$316.72,10,$3167.2,Wedicare,A176121
T100001573,2013-12-01,$348.82,11,$3837.02,Wedicare,A108821
T100001574,2013-12-01,$348.82,11,$3837.02,Wedicare,A132021
T100001575,2013-12-01,$6106.49,101,$616755.49,Wedicare,A157521
T100001576,2013-12-01,$2237.37,37,$82782.69,Wedicare,A127221
T100001577,2013-12-01,$587.43,11,$6461.73,Wedicare,A113521
T100001578,2013-12-01,$6590.13,109,$718324.17,Wedicare,A164421
T100001579,2013-12-01,$1140.62,36,$41062.32,Wedicare,A130221
T100001580,2013-12-01,$32132.1,542,$17415598.2,Wedicare,A123521
T100001581,2013-12-01,$1116.01,24,$26784.24,Tridesta,A120121
T100001582,2013-12-01,$790.73,17,$13442.41,Tridesta,A199921
T100001583,2013-12-01,$1162.02,25,$29050.5,Tridesta,A100321
T100001584,2013-12-01,$4835.33,104,$502874.32,Tridesta,A197521
T100001585,2013-12-01,$836.74,18,$15061.32,Tridesta,A138521
T100001586,2013-12-01,$4462.97,96,$428445.12,Tridesta,A141121
T100001587,2013-12-01,$929.83,20,$18596.6,Tridesta,A196021
T100001588,2013-12-01,$1998.76,43,$85946.68,Tridesta,A119121
T100001589,2013-12-01,$1395.28,30,$41858.4,Tridesta,A131421
T100001590,2013-12-01,$2325.11,50,$116255.5,Tridesta,A113521
T100001591,2013-12-01,$7438.64,160,$1190182.4,Tridesta,A139021
T100001592,2013-12-01,$2138.93,46,$98390.78,Tridesta,A104921
T100001593,2013-12-01,$5858.25,126,$738139.5,Tridesta,A157121
T100001594,2013-12-01,$2743.48,59,$161865.32,Tridesta,A188621
T100001595,2013-12-01,$4462.97,96,$428445.12,Tridesta,A129421
T100001596,2013-12-01,$854.93,1,$854.93,Samtan,A197221
T100001597,2013-12-01,$854.93,1,$854.93,Samtan,A198121
T100001598,2013-12-01,$854.93,1,$854.93,Samtan,A129421
T100001599,2013-12-01,$854.93,1,$854.93,Samtan,A181421
T100001600,2013-12-01,$854.93,1,$854.93,Samtan,A157521
T100001601,2013-12-01,$854.93,1,$854.93,Samtan,A111921
T100001602,2013-12-01,$854.93,1,$854.93,Samtan,A105321
T100001603,2013-12-01,$7694.37,9,$69249.33,Samtan,A199921
T100001604,2013-12-01,$1709.86,2,$3419.72,Samtan,A176121
T100001605,2013-12-01,$1709.86,2,$3419.72,Samtan,A160021
T100001606,2013-12-01,$3419.72,4,$13678.88,Samtan,A130021
T100001607,2013-12-01,$11969.02,14,$167566.28,Samtan,A197521